audio,text
common_voice_vi_24358794.mp3,Mày mà chạy nữa tao thề không chơi với mày nữa đâu
common_voice_vi_24362782.mp3,vì giữa đường không bắt được xe ôm khác
common_voice_vi_23936355.mp3,Già làng liền nói
common_voice_vi_42788631.mp3,Thu về cho cô không ít tiền bạc mối quan hệ tốt
common_voice_vi_30171307.mp3,Và ta tiếp chặng hành trình
common_voice_vi_24425726.mp3,Chinh đứng Tìm máy tính cửa gỗ đang được kéo ra
common_voice_vi_24124158.mp3,Và câu thơ đâu còn mãi ngày sau
common_voice_vi_24358781.mp3,Trên bầu trời xanh
common_voice_vi_24106634.mp3,Khi còn sống con bé yếu kém hơn mọi người
common_voice_vi_24304405.mp3,Tôi ngậm cái bánh mì nhai ngấu nghiến
common_voice_vi_23933072.mp3,Là anh đây chỉ thăm hỏi đôi lời
common_voice_vi_24304490.mp3,Giai đoạn lãnh đạo
common_voice_vi_24144207.mp3,Cao đến ngực người trưởng thành
common_voice_vi_40249427.mp3,Tự nhiên không đâu vào đâu lại sang nói chuyện này
common_voice_vi_24363084.mp3,Nó lại khỏe mạnh trở lại
common_voice_vi_25158138.mp3,Nơi cậu đã nằm đêm qua
common_voice_vi_24362884.mp3,Thì bà ấy cũng không nói lời nào và ra đi như vậy
common_voice_vi_23901409.mp3,Không Tao không muốn
common_voice_vi_23380408.mp3,Thấy ánh mặt trời
common_voice_vi_42788758.mp3,Cây cỏ tỉnh táo
common_voice_vi_25154491.mp3,Chinh rồi dẫn vào trong phòng
common_voice_vi_24124246.mp3,Tôi hi vọng gia đình sẽ cùng phối hợp
common_voice_vi_24976644.mp3,Chẳng hiểu trinh đang nhìn cái gì trên đùi
common_voice_vi_25177597.mp3,Ngày giỗ tao sẽ qua thắp hương cho mày
common_voice_vi_24457611.mp3,Mong con bình an
common_voice_vi_24122354.mp3,Còn quá ra sẽ rất nguy hiểm
common_voice_vi_25117271.mp3,vong hồn con thảo không thể thoát ra để đi siêu sinh
common_voice_vi_24362796.mp3,Cả vui buồn mọi nỗi
common_voice_vi_25154511.mp3,Rồi Lúc xảy ra chuyện không hay
common_voice_vi_24318076.mp3,Chỉ có mẹ thôi
common_voice_vi_24173363.mp3,Già trẻ gái trai ai cũng có mặt
common_voice_vi_24088120.mp3,Tao với mày chứ làm sao được với nhau
common_voice_vi_24362757.mp3,Đi xuống bên dưới
common_voice_vi_23423361.mp3,"Anh vui liền, nhưng bỗng lại buồn ngay"
common_voice_vi_23847794.mp3,Song trai khẽ vẫy tay mặt hớn hở
common_voice_vi_24388591.mp3,Thì phải tìm thầy giải con ạ
common_voice_vi_42788433.mp3,Cuối cùng bố bảo đi không may mắn
common_voice_vi_23933047.mp3,"Tên gọi, bí danh, bút danh"
common_voice_vi_24227474.mp3,bà mời mọi người vào trong nhà
common_voice_vi_24358704.mp3,tại sao lại như thế
common_voice_vi_24274642.mp3,Mưa rơi lộp bộp
common_voice_vi_24304484.mp3,Mới làm lễ kiệu vong lên được
common_voice_vi_23926782.mp3,Dạ Cháu không có ý đó cháu chỉ là
common_voice_vi_42788249.mp3,Với cái thứ ánh sáng yếu ớt của cây đèn dầu
common_voice_vi_24226656.mp3,Thì Trinh đã hạ quyết tâm phải có bằng được một Kumanthong chính hiệu
common_voice_vi_23406207.mp3,Tiếng chuông đồng hồ quả lắc Vang lên
common_voice_vi_22402461.mp3,Nếu thật thế thì tội nghiệp con bé lắm
common_voice_vi_24121452.mp3,Có thể lúc anh chở cô ấy đi đường
common_voice_vi_24172449.mp3,Như vậy thì cũng có thể coi đó là điều đáng mừng
common_voice_vi_23930691.mp3,Cái miệng nó đang nhe ra cười đỏ lòm
common_voice_vi_24125759.mp3,Ý mày là kìa á
common_voice_vi_40191838.mp3,Sau tiếng sấm trời bắt đầu đổ mưa rào rào
common_voice_vi_43369690.mp3,Người hay ăn to nói nậy mà sợ đàn bà như cọp
common_voice_vi_42788679.mp3,Cái Thảo nó đi rồi
common_voice_vi_23901531.mp3,"mất đầu, mất tay"
common_voice_vi_24012741.mp3,Suốt ngày bà ủ rũ bơ đi ra đi vào
common_voice_vi_25132582.mp3,Đã hơn mười một giờ đêm
common_voice_vi_23926773.mp3,Nhưng mà dường như càng cố lại không thể nghe được
common_voice_vi_24304478.mp3,Trinh không tin vào mắt của mình
common_voice_vi_24425764.mp3,Khuôn mặt thơ ngây
common_voice_vi_41912736.mp3,Không giấu gì ông
common_voice_vi_24122487.mp3,Có tích mới dịch ra tuồng: mọi chuyện đều có nguyên nhân
common_voice_vi_38023051.mp3,để cho em học
common_voice_vi_25092442.mp3,một trong những người đặt nền móng và lãnh đạo
common_voice_vi_24227689.mp3,Có cái vụ ông này đánh em
common_voice_vi_24388631.mp3,Tóc mẹ thêm màu
common_voice_vi_25092450.mp3,quả nhiên trúng tuyển vào trường Quốc Lập
common_voice_vi_42788402.mp3,Cánh cửa phòng mở ra
common_voice_vi_24121649.mp3,Miệng dẻo nhưng vẫn có chút gì đó thật thà
common_voice_vi_23989279.mp3,Anh chị thông cảm cho trẻ con nó dại dột ăn nói linh tinh
common_voice_vi_23930606.mp3,Mà mình trả lời
common_voice_vi_23848879.mp3,Xem thêm
common_voice_vi_23901117.mp3,quả nhiên trúng tuyển vào trường Quốc Lập
common_voice_vi_25132228.mp3,Đúng là chúng ta đã đi xem thầy rồi
common_voice_vi_24280801.mp3,thanh ơi mau dậy đi
common_voice_vi_24162234.mp3,cũng như em dấu những điều quá thực...
common_voice_vi_26424932.mp3,Bạn là một hồn ma giúp người chứ không hại người
common_voice_vi_24388779.mp3,cũng như kể từ ngày nuôi
common_voice_vi_24362964.mp3,con chào ba má
common_voice_vi_24174124.mp3,thế xe của mày để đâu
common_voice_vi_23926914.mp3,nó chính là người khiến cho anh mất tất cả
common_voice_vi_24363015.mp3,Bất chợt anh ta ngồi bật dậy và lên tiếng
common_voice_vi_24121759.mp3,Không hiểu Trinh đang nói chuyện với ai
common_voice_vi_23925146.mp3,Tao sợ quá nên là hét toáng lên
common_voice_vi_24227403.mp3,Anh vừa chợt nghe văng vẳng bên tai cái thứ gì đó phát ra
common_voice_vi_24122296.mp3,Bố ở lại viện để mẹ về tìm cho nhanh
common_voice_vi_24470389.mp3,Mẹ em rất hiền
common_voice_vi_24144150.mp3,Cũng là để cho kumanthong có một nơi ở mới đầy đủ hơn
common_voice_vi_24227594.mp3,"Bay, đậu bờ rào"
common_voice_vi_24363062.mp3,Bật ngay dậy rồi bước nhanh vào trong nhà
common_voice_vi_22402601.mp3,tiếc là cái chân của em không nhấc lên được
common_voice_vi_24173298.mp3,Nên mọi người đành ra về
common_voice_vi_23988883.mp3,Được nghe mẹ kể
common_voice_vi_25177553.mp3,Mẹ có việc muốn nhờ con giúp đỡ đây
common_voice_vi_25226478.mp3,em phải học hành
common_voice_vi_24226438.mp3,Là bóng rợp trên con đường nắng lửa
common_voice_vi_24476316.mp3,Nếu biết rằng sẽ chẳng gặp lại nhau
common_voice_vi_23932904.mp3,Vậy mà lạ lùng thay
common_voice_vi_24152483.mp3,Mất chân
common_voice_vi_27640436.mp3,Tháng mười là tháng mười ơi
common_voice_vi_23901544.mp3,Có người còn chẳng biết là có sống được không
common_voice_vi_48997293.mp3,Tánh hay nói xóc óc làm người ta giận
common_voice_vi_24467814.mp3,Cuối cùng trong quân vẫn chỉ có hình bóng của người vợ đã khuất
common_voice_vi_25177652.mp3,Chẳng hiểu Có ai đang hút hay không
common_voice_vi_23925073.mp3,Thời kỳ ở Thái Lan
common_voice_vi_25950341.mp3,Tay gối đầu anh nghĩ chuyện vẩn vơ
common_voice_vi_42758757.mp3,Bây giờ con lớn đi xa
common_voice_vi_23988431.mp3,Người mẹ của ta
common_voice_vi_24280795.mp3,Chú sửa xe liền nói
common_voice_vi_42788756.mp3,Xin nhận lời con
common_voice_vi_23988671.mp3,tạm biệt em
common_voice_vi_23745302.mp3,Sáng hôm sau cả đoàn thức dậy
common_voice_vi_24142108.mp3,Nãy giờ Trinh cứ như đang nói chuyện với ai đó
common_voice_vi_23392938.mp3,Mẹ ầu mẹ ơi...
common_voice_vi_40249414.mp3,Lay phay mưa bụi thầm thì chữ yêu
common_voice_vi_24121612.mp3,Sữa nhang nến thơm
common_voice_vi_27639950.mp3,Cho khắc khoải thêm những tháng ngày vui
common_voice_vi_24425823.mp3,Tôi vạn lần tạ lỗi và chấp nhận bị trừng phạt
common_voice_vi_24331682.mp3,Nhắc đến nhi khiến cho Trinh cảm rùng mình
common_voice_vi_28540888.mp3,Tháng mười êm dịu mong chờ bình an.
common_voice_vi_42788223.mp3,lau mặt cho thầy
common_voice_vi_24396575.mp3,Hà ni vừa nhìn ra bên ngoài thì ngạc nhiên
common_voice_vi_24425751.mp3,Ngọc Lan là vợ chưa cưới của anh phải không
common_voice_vi_25260723.mp3,Bà nội của Thảo cũng mắng bố thảo
common_voice_vi_24162818.mp3,Tai vách mạch rừng.
common_voice_vi_24227376.mp3,mẹ thảo liền nói
common_voice_vi_25723528.mp3,Thoảng thơ từng búi tóc dài
common_voice_vi_24396612.mp3,Gánh hết cuộc đời thời gian chữa lành không???
common_voice_vi_42788361.mp3,Dạo này tôi cũng bận nên là không sang nhà thăm được
common_voice_vi_23930772.mp3,ưa Nhìn của một anh chàng thành thị
common_voice_vi_42788759.mp3,Ánh Mắt Của trinh nhìn quân đầy gợi tình
common_voice_vi_25177285.mp3,Ươm mầm xanh đón đợi xuân hường
common_voice_vi_24297980.mp3,Mọi người cũng bán tín bán Nghi
common_voice_vi_24425866.mp3,Nhưng sau đó một thời gian
common_voice_vi_23988496.mp3,tao tại tao không biết
common_voice_vi_42788871.mp3,Gọi tôi là dã quỳ
common_voice_vi_23932900.mp3,Đầu em nghĩ rằng chỉ hét to lên để kêu cứu
common_voice_vi_25265345.mp3,Nhưng con chỉ khóc
common_voice_vi_27701223.mp3,Tháng mười về con nắng bớt vàng ươm
common_voice_vi_23078658.mp3,Anh chị chào mào
common_voice_vi_31250008.mp3,Tỏ ra rành rẽ sự việc anh ta nói thêm
common_voice_vi_23676736.mp3,Lời mẹ khuyên lơn
common_voice_vi_40191826.mp3,Mùa đông về sương rơi lạnh cóng.
common_voice_vi_25132690.mp3,Việc tôi nằm trên giường là do cô mà
common_voice_vi_23901119.mp3,nghe Mẹ Thảo nói bố thảo đi làm trưa mới về
common_voice_vi_24142085.mp3,"Rạng rỡ cười, vẫn khát một bờ vai"
common_voice_vi_24425897.mp3,Có chuyện gì cô cứ hỏi để tôi xem
common_voice_vi_24455846.mp3,Thay vào đó thời gian sau đám ma của Nhi
common_voice_vi_42788446.mp3,Hãy nên hòa giải sống ngay hết lòng
common_voice_vi_24173134.mp3,Mà nhắn tin qua Facebook thì mới biết cũng không có kịp
common_voice_vi_23926694.mp3,Dòng tin nhắn...cám ơn tình dương thế...!
common_voice_vi_24280767.mp3,Hơi lạnh qua bàn tay
common_voice_vi_24425683.mp3,mẹ thảo thoạt đầu nhìn thấy mấy người chúng em thì hơi ngạc nhiên
common_voice_vi_25154488.mp3,Gia đình và cuộc sống cá nhân
common_voice_vi_24124114.mp3,Chinh sung sướng rồi bắt máy
common_voice_vi_31450089.mp3,mẹ thảo thoạt đầu nhìn thấy mấy người chúng em thì hơi ngạc nhiên
common_voice_vi_23667732.mp3,Bằng mọi giá anh phải là của em
common_voice_vi_24122200.mp3,Ba ngày kể từ hôm xảy ra tai nạn
common_voice_vi_24174019.mp3,Được thôi mấy cô cậu cứ tự nhiên
common_voice_vi_24174157.mp3,Anh về đây em vào trong nhà đi
common_voice_vi_21833278.mp3,Cô cười thật tươi
common_voice_vi_22402616.mp3,Sao sao à ừ tớ thấy trong người không được khỏe
common_voice_vi_24358644.mp3,Khiến cho Trinh nổi cả da gà
common_voice_vi_24226414.mp3,thầy bảo có người che mắt thầy không có nhìn được
common_voice_vi_24121656.mp3,Thôi chết rồi cũng đã muộn rồi à giờ em phải về ngay
common_voice_vi_22714940.mp3,Chợt mưa cái ào
common_voice_vi_24358822.mp3,Không có ác mộng gì đâu
common_voice_vi_24274645.mp3,Các câu nói được ghi lại
common_voice_vi_42788771.mp3,Khoa học đâu có thể giải thích được đâu
common_voice_vi_24105959.mp3,chúng ta đang chuẩn bị thi lên cấp cơ mà
common_voice_vi_24398925.mp3,Mẹ ơi
common_voice_vi_23848877.mp3,hay là nói được câu nào cả
common_voice_vi_24398298.mp3,Phải Đóng cửa lại cho con nó ngủ
common_voice_vi_24855913.mp3,Người đàn ông không đáp
common_voice_vi_36461196.mp3,được đặt ở khắp mọi miền Việt Nam
common_voice_vi_40189718.mp3,Thời gian như là gió
common_voice_vi_27148751.mp3,"Dở dang hoài, dang dở, dở dang thôi"
common_voice_vi_24172621.mp3,mà nhiều câu hỏi tại sao
common_voice_vi_24280772.mp3,mục rữa
common_voice_vi_23926702.mp3,Vừa nghe thấy tên thì một anh chàng lực lưỡng bước ra
common_voice_vi_25092449.mp3,Không phải
common_voice_vi_42788788.mp3,Nghĩa là ghen quá đấy mà thôi
common_voice_vi_24124237.mp3,Một điều đáng lạ nữa đó chính là
common_voice_vi_24462271.mp3,Con bình tĩnh nghe người ta nói hết đi đã
common_voice_vi_31450192.mp3,Cô nói sao bà dã Quỳ bà len đã chết
common_voice_vi_30651248.mp3,Yêu loài hoa và một thời khờ dại
common_voice_vi_23988465.mp3,Những bài thơ về động vật cho bé mầm non
common_voice_vi_42788680.mp3,"Chi hắn cũng ăn, thiệt đúng là ăn dộng tộng chứa"
common_voice_vi_24362975.mp3,Quả nhiên cánh cửa nơi phòng thờ kuman đang bị hé mở
common_voice_vi_23848861.mp3,cản ơn đã giúp tôi
common_voice_vi_31450128.mp3,Muốn ngỏ lời mà sao tôi thật ngốc
common_voice_vi_24362928.mp3,Giống cái chỗ này thôi chứ không phải là đây
common_voice_vi_24124222.mp3,Từng ngày băn khoăn
common_voice_vi_23423360.mp3,Nhất là con Hạ
common_voice_vi_23933077.mp3,"Rồi thế này thế nọ, nói chuyện vô"
common_voice_vi_24122471.mp3,Cái đồng hồ báo đến giờ cho kuman ăn như mọi ngày
common_voice_vi_40249378.mp3,con yêu bố mẹ
common_voice_vi_24358694.mp3,Cứ hoài bâng khuâng
common_voice_vi_24121867.mp3,Tôi cũng đã phải ghi lại những tấm hình không chỉ về thiên nhiên
common_voice_vi_23926823.mp3,Tôi vẫn đi bên cạnh cuộc đời
common_voice_vi_25226009.mp3,"Sáng ngày mai, tuổi mới thật bình an."
common_voice_vi_21833349.mp3,Muôn vàng tấc đất
common_voice_vi_28075854.mp3,Chỉ cần mày với tao vẫn làm bạn là được
common_voice_vi_40249474.mp3,"Mồ hôi của A Hội nhễ nhại, ướt đẫm cả áo"
common_voice_vi_27641334.mp3,Nhưng Xem chừng anh lại ngại
common_voice_vi_25721782.mp3,"Về ngồi đây, trái tim nghe gõ cửa"
common_voice_vi_24362855.mp3,Không Anh chỉ tin nóng quá trình cả
common_voice_vi_24142072.mp3,Không thể mở thành lời
common_voice_vi_25721865.mp3,Liu riu róc rách giọt sầu mênh mông
common_voice_vi_23926842.mp3,Trong phòng tiếng rên của trinh mỗi lúc một lớn khát dục hơn
common_voice_vi_24173166.mp3,Mày còn lảng vảng ở đây để phá tao sao
common_voice_vi_21833241.mp3,kịch nghệ
common_voice_vi_24121899.mp3,Đời này có ai
common_voice_vi_24124251.mp3,Sư trụ trì khẽ dừng tay niệm
common_voice_vi_25092513.mp3,Nhưng mà tôi được người ta nhờ vả
common_voice_vi_23930635.mp3,Hồn của con bé không thể về nhà được
common_voice_vi_24106485.mp3,cánh cửa phòng thờ kumanthong vẫn đóng
common_voice_vi_23933009.mp3,Chú thích
common_voice_vi_24467768.mp3,còn đối với kumanthong thì thứ cần được tưới là sự quan tâm
common_voice_vi_24124142.mp3,Cuối cùng hà ni chọn giải pháp giữ im lặng
common_voice_vi_42788775.mp3,Bất cứ câu gì
common_voice_vi_25092662.mp3,Hôm nay Bé Na của mẹ ăn ngon thế
common_voice_vi_42787955.mp3,Khiến cho Tinh nổi da gà
common_voice_vi_21833213.mp3,Buồn thế chứ
common_voice_vi_43303936.mp3,Nói chạ chạ lát lát bơ bị người ta đánh
common_voice_vi_42788681.mp3,Nhưng do có nhiều chuyện nên bán nhà đó để mua nơi khác
common_voice_vi_25950212.mp3,Tháng mười tưởng xa lắm.
common_voice_vi_24425843.mp3,tôi tin
common_voice_vi_42788056.mp3,mẹ thảo đáp
common_voice_vi_25226345.mp3,Trình chỉ dừng lại khi bàn tay của cô ướt sũng nước nhờn
common_voice_vi_23930687.mp3,Bảo rằng hoa dáng như tim vỡ
common_voice_vi_23725607.mp3,"Trời ơi con gái của tôi, sao con lại khổ như vậy chứ"
common_voice_vi_24280780.mp3,Đêm đó em nằm chập chờn ngủ thì nghe tiếng gọi
common_voice_vi_24358652.mp3,Nếu mà chuyện ma quỷ là có thật
common_voice_vi_25724416.mp3,Tháng mười một Đông sang rồi em đó
common_voice_vi_24122379.mp3,Toàn bộ phần đầu của Thảo bị nghiền nát
common_voice_vi_34008839.mp3,Đây là phòng dành cho khách này
common_voice_vi_28426297.mp3,"Tháng mười rồi, lành lạnh gió đông qua"
common_voice_vi_27618804.mp3,Anh đón chờ tháng mười một vừa trao
common_voice_vi_25092505.mp3,Bố của Thảo liền lắc đầu nói
common_voice_vi_23392041.mp3,Tiểu sử và sự nghiệp
common_voice_vi_42788342.mp3,Cũng vì con phải mưu sinh
common_voice_vi_24280836.mp3,Nhưng hôm nay Trinh mới được tận mắt chứng kiến
common_voice_vi_23848881.mp3,Trinh khẽ cười rồi nói
common_voice_vi_24012749.mp3,thấy gia đình nó bảo là mới tỉnh lại đêm qua
common_voice_vi_42787935.mp3,Trong nhà của Trinh liên tiếp có những tiếng động
common_voice_vi_24425853.mp3,tháng mười một sương muối
common_voice_vi_24121944.mp3,ta nói rồi
common_voice_vi_24331624.mp3,Sao nó vẫn về được nhà con thanh
common_voice_vi_24358805.mp3,hôm đấy em chạy qua thấy mọi người xúm lại gần đó
common_voice_vi_25723486.mp3,Môi vẫn thắm gọi thuyền quyên về bến.
common_voice_vi_24125566.mp3,Đó là một phòng tập thể hình
common_voice_vi_24162821.mp3,Trợ giúp
common_voice_vi_22714942.mp3,con chào mẹ
common_voice_vi_27982297.mp3,Gửi theo gió đến ai nơi xa ấy.
common_voice_vi_23930590.mp3,Ngày mai vợ ông Hà là có đứa trẻ con chết đuối
common_voice_vi_24358777.mp3,Cảm ơn anh đã trăn trở êm đềm
common_voice_vi_24304444.mp3,Những cánh mai gầy
common_voice_vi_24174159.mp3,Chẳng biết từ khi nào mà chinh chỉ muốn quân là của riêng mình
common_voice_vi_24173252.mp3,Chúng tôi ở đây tầm khoảng một tuần
common_voice_vi_23406199.mp3,mày cứ về thế này tao không có ngủ được
common_voice_vi_30946535.mp3,Khe khẽ
common_voice_vi_21824030.mp3,Ở cái nơi rừng thiêng nước độc này
common_voice_vi_24125784.mp3,Nhưng tôi yêu em ở những điều ngược lại
common_voice_vi_24304437.mp3,Nhưng mà thật không ngờ sau một đêm
common_voice_vi_22402440.mp3,Cứ đi đi
common_voice_vi_23930762.mp3,Tình mẹ biển nước
common_voice_vi_23936343.mp3,bà thản nhiên đứng dậy đi ra ngoài
common_voice_vi_24227462.mp3,Song trai gật đầu
common_voice_vi_24144220.mp3,Ông ta đặt một nhánh Hoa Dã Quỳ nằm dưới đất rồi bảo
common_voice_vi_24455833.mp3,Hay làm nghề rừng Như Hầu hết thanh niên xứ này
common_voice_vi_23847795.mp3,chúng ta vẫn còn trẻ
common_voice_vi_24122213.mp3,hôi thối
common_voice_vi_24142075.mp3,Alo anh xăm trai phải không ạ
common_voice_vi_25132226.mp3,Vượt trên tất cả
common_voice_vi_23423392.mp3,sự mất mát
common_voice_vi_24122297.mp3,mẹ em cũng Kể cho bố mẹ Thảo nghe chuyện tối qua
common_voice_vi_24855910.mp3,Nhất là khi nhìn vào con búp bê đó
common_voice_vi_24425801.mp3,Báo công an cho cho bắt nhốt hết vào trong tù kia kìa
common_voice_vi_24456153.mp3,Nếu như còn khiến cho người đàn ông này yêu mẹ
common_voice_vi_24362755.mp3,Như thế thì mới đúng
common_voice_vi_41912734.mp3,Tay gối đầu anh nghĩ chuyện vẩn vơ
common_voice_vi_24012782.mp3,Và đỏ như màu máu thắm pha
common_voice_vi_24227598.mp3,Anh cũng vô tình có hiểu nổi em đâu
common_voice_vi_24121969.mp3,Đi vào xem tất cả mọi thứ vẫn bình thường
common_voice_vi_25217883.mp3,đang nhớ lại chuyện cũ
common_voice_vi_23926809.mp3,Câu chuyện có tựa đề là Ma ở vùng núi Tây Bắc
common_voice_vi_25950222.mp3,Bài viết liên quan
common_voice_vi_23406206.mp3,Tóm lại em thà tin còn hơn là không tin
common_voice_vi_24457641.mp3,Anh chàng bắt đầu hốt hoảng
common_voice_vi_23848894.mp3,Hai người gặp nhau sau đám tang của mẹ quân
common_voice_vi_24362800.mp3,Thua thầy một vạn không bằng kém bạn một li
common_voice_vi_22402656.mp3,Hai chiếc dép kia gặp nhau tự bao giờ
common_voice_vi_24012750.mp3,Nó với cái Nhi ngày xưa là thân nhau lắm
common_voice_vi_42787958.mp3,Bây giờ con lớn đi xa
common_voice_vi_25261523.mp3,chịu khó học hành thi cử
common_voice_vi_42788692.mp3,Hà Ni lắc đầu
common_voice_vi_24358760.mp3,kèm theo bên cạnh có một hình trái tim màu đỏ
common_voice_vi_23988527.mp3,Một khi đã liên kết với nó
common_voice_vi_23078574.mp3,Tôi chờ người đến với yêu thương
common_voice_vi_24124119.mp3,Khóe léo bày biện trên bàn thờ ni Kuman
common_voice_vi_24363076.mp3,Có vẻ sáng hơn mọi ngày
common_voice_vi_23988547.mp3,Thảy đều lần lượt
common_voice_vi_24455813.mp3,Trời đã sáng lên hẳn
common_voice_vi_24363048.mp3,Có khi nào nó nhắc tới chuyện này không mẹ
common_voice_vi_31450179.mp3,Nếu biết rằng sẽ chẳng gặp lại nhau
common_voice_vi_24162872.mp3,tước đi mạng sống
common_voice_vi_28541056.mp3,Cho muôn cây cỏ màu xanh tuyệt vời!
common_voice_vi_24304412.mp3,Trong căn phòng chẳng có một ai
common_voice_vi_24152646.mp3,một tay bị gãy phải bó bột
common_voice_vi_23926935.mp3,Chinh ngay lập tức nghĩ đến một việc
common_voice_vi_24226309.mp3,Hay là đợi tuần bốn mươi chín của con thảo
common_voice_vi_24274720.mp3,Thảo vẫn không nhìn em
common_voice_vi_24304434.mp3,Nâng từng chiếc túi lên
common_voice_vi_27648100.mp3,Khẽ thì thầm trao nụ hôn ngây dại
common_voice_vi_24425846.mp3,kẻ tội đồ
common_voice_vi_25132381.mp3,Vừa nghe thấy tên thì một anh chàng lực lưỡng bước ra
common_voice_vi_25154475.mp3,Mẹ còn dọn dẹp
common_voice_vi_24331630.mp3,Tao không có chạy được mày giúp tao đi
common_voice_vi_25265293.mp3,Anh đang quay trở lại làm việc trinh cũng biết mà
common_voice_vi_28540565.mp3,"Tháng mười về, hương xưa rơi đầy áo"
common_voice_vi_25132883.mp3,Đang khẽ vuốt ve chiếc lọ thủy tinh một cách ân cần
common_voice_vi_42723043.mp3,Khiếp lắm mày ơi
common_voice_vi_25132172.mp3,Tại sao
common_voice_vi_22402377.mp3,Thơ tình cuối mùa thu
common_voice_vi_25722009.mp3,Đủ cho lúa chín vàng.
common_voice_vi_24358786.mp3,Thời gian này Thoải mái và tự do
common_voice_vi_23901121.mp3,Nước chảy trên sông
common_voice_vi_27615280.mp3,Nên ngưng ngang câu chuyện
common_voice_vi_23988461.mp3,chú liền nói
common_voice_vi_24814572.mp3,Đám kia thì về nhả tiếp khách
common_voice_vi_25132227.mp3,Hà giật mình nổi gai ốc
common_voice_vi_24362754.mp3,Em đã chẳng hẹn nhau đêm ấy nữa
common_voice_vi_24467863.mp3,Mặt trời nhấp nhô qua ngọn núi
common_voice_vi_25092579.mp3,Còn gì đau đớn hơn hình ảnh một người đàn ông
common_voice_vi_23930632.mp3,Để cho hai đứa lâm li cõi tình!
common_voice_vi_24088124.mp3,với nhiều tác phẩm viết bằng tiếng Việt
common_voice_vi_24125757.mp3,Niềm vui sướng trong ta là có thật
common_voice_vi_25092496.mp3,Hay là thôi mùa đừng thay lá
common_voice_vi_26424933.mp3,Trên thảm cỏ mấy hạt còn chưa nở
common_voice_vi_23988519.mp3,Thảo đáp mà không cần nhìn em
common_voice_vi_24467776.mp3,Bước xuống cầu thang Trinh mơ hồ
common_voice_vi_42788082.mp3,Chồng tôi cúi gằm mặt lí nhí nói
common_voice_vi_42788243.mp3,Cánh cửa trúc ập xuống cái đùng
common_voice_vi_23901408.mp3,Ông bà tao ngày ấy thì sợ lắm
common_voice_vi_24362841.mp3,Đời vô tình nghiệt ngã
common_voice_vi_31450079.mp3,Thu chưa qua nắng đã nhợt phai mầu
common_voice_vi_26976787.mp3,Chút se lạnh cũng thấy lòng man mác
common_voice_vi_24358789.mp3,Nhà chị đến tìm tôi có đúng không
common_voice_vi_24227690.mp3,Thực ra lúc nghe chuyện
common_voice_vi_40191807.mp3,Những anh em dân tộc khác thì rất hiếu khách và cởi mở
common_voice_vi_25154503.mp3,mặt của mày tao lạ gì mà phải sợ chứ
common_voice_vi_25132652.mp3,Thứ mà trình tin rằng nó sẽ đem quần về với cô
common_voice_vi_27655606.mp3,Hà ni giật bắn người
common_voice_vi_23988908.mp3,Hãy cố giữ gìn
common_voice_vi_23926707.mp3,giờ chỗ ấy người ta vẫn có cái bát hương đấy
common_voice_vi_23936356.mp3,Nó nghĩ mình đang nằm mơ rồi chìm lại vào trong giấc ngủ
common_voice_vi_24227503.mp3,Ông đồng thời cũng là nhà văn
common_voice_vi_28440701.mp3,Ru tôi ngọn gió trang đài
common_voice_vi_24363067.mp3,"Hãy sát đôi đầu, hãy kề đôi ngực!"
common_voice_vi_25721921.mp3,Thôi em ơi chẳng thể nào mặc cả
common_voice_vi_24226200.mp3,Làm bao chuyện lạ
common_voice_vi_25092417.mp3,Với Trinh cùng những người bạn cùng trang lứa
common_voice_vi_24388750.mp3,Phương cũng cười rồi đáp
common_voice_vi_24173725.mp3,Cách sửa lỗi camera trên Snapchat không hoạt động
common_voice_vi_27716264.mp3,Nhưng tất cả chỉ là sự vô thức
common_voice_vi_23930610.mp3,Hay là thôi mùa đừng thay lá
common_voice_vi_24425832.mp3,Trăm nghe không bằng một thấy.
common_voice_vi_23926756.mp3,Từ những tưởng là mấy của bé đi rồi
common_voice_vi_24226534.mp3,Tối đó khi trở về nhà trinh vui mừng hét lớn
common_voice_vi_24172988.mp3,Đã yên ngày thác lũ.
common_voice_vi_25132169.mp3,Hôm nay có người báo tin Phương đã tỉnh lại
common_voice_vi_31250049.mp3,Để cho môi ngọt thắm thêm anh à
common_voice_vi_23988497.mp3,Thời kỳ ở Liên Xô lần thứ hai
common_voice_vi_40191847.mp3,Tất cả cái giá không hề rẻ
common_voice_vi_27640334.mp3,Gọi một chiếc xe thồ cô hỏi
common_voice_vi_25202224.mp3,sự dằn vặt
common_voice_vi_23926703.mp3,chết đi con khốn
common_voice_vi_24388761.mp3,Giờ bạn bè thi có mỗi mình mày là khá nhất
common_voice_vi_28565014.mp3,Anh vào trong khám phá đến tanh bành
common_voice_vi_23930578.mp3,Không gian về đêm im lặng như tờ
common_voice_vi_42788026.mp3,Mấy đứa con gái thì vui mừng
common_voice_vi_24106392.mp3,là nhà cách mạng
common_voice_vi_42696078.mp3,đang hớn hỏ vì nghĩ đây là cuộc gọi của Quân
common_voice_vi_24317963.mp3,càng nghe chinh nói như vậy
common_voice_vi_23695847.mp3,Các bình chọn của Tuần báo Time
common_voice_vi_24274298.mp3,Còn hơn cả họ hàng thân thiết
common_voice_vi_24172775.mp3,Gió thổi rì rào
common_voice_vi_25226499.mp3,Đưa tay chỉ vào trong nhà
common_voice_vi_23988593.mp3,"Thì anh xa, anh đã qua xa rồi."
common_voice_vi_23926724.mp3,Bước chân nhẹ nhàng
common_voice_vi_24280832.mp3,thì Phương đang nằm với đôi mắt Ngây Dại
common_voice_vi_27640769.mp3,Vẫn tiếc nuối những ngày thu tràn nắng
common_voice_vi_25132112.mp3,Chiều nay xa xứ
common_voice_vi_24121786.mp3,Và nằm một đống ở ngoài kia kìa
common_voice_vi_25721646.mp3,Kịch bản văn nghệ chào mừng ngày Nhà giáo Việt Nam
common_voice_vi_23930785.mp3,Vậy Bây giờ chúng ta cần phải làm sao
common_voice_vi_25225646.mp3,hay làm hại mày đâu
common_voice_vi_42788640.mp3,Mẹ nâng niu con
common_voice_vi_42788008.mp3,Như là người bị mất hồn vậy
common_voice_vi_23933045.mp3,nhà thơ và nhà báo
common_voice_vi_24121896.mp3,Mong ước làm sao để kuman có thể giúp đỡ được
common_voice_vi_43369649.mp3,Bà tâm hóa thành một làn sương mỏng tan biến dần vào không trung
common_voice_vi_31450151.mp3,Bà khóa chặt tay của cô gái và rít lên
common_voice_vi_25723352.mp3,Thu sắp tàn lá vẫn rơi mê mải
common_voice_vi_24172935.mp3,Xôi hỏng bỏng không
common_voice_vi_23925072.mp3,Lúc này Trinh cũng đang từ trên tầng đi xuống
common_voice_vi_24172109.mp3,Bà nói cách đây hơn một tháng
common_voice_vi_43303835.mp3,con người việt nam thân thiện
common_voice_vi_24124534.mp3,Chuyển bệnh nhân đến phòng theo dõi đặc biệt
common_voice_vi_24226622.mp3,sự nhẫn nại
common_voice_vi_40015674.mp3,Nếu nhà có phúc
common_voice_vi_24144161.mp3,mọi thứ thật lộn xộn
common_voice_vi_42723137.mp3,Tháng Mười đêm vắng lê thê
common_voice_vi_23901477.mp3,Ai vừa nói vậy
common_voice_vi_25226033.mp3,Ai mà chưa từng nghe cái chuyện ma quái chứ
common_voice_vi_21838514.mp3,Mày Đừng tránh tao được không
common_voice_vi_25542120.mp3,Áo bay rải nắng một chiều
common_voice_vi_24142449.mp3,Cậu không phải lo
common_voice_vi_24106570.mp3,Người yêu về mà không có nhận ra sao
common_voice_vi_44052561.mp3,Đời là bể khổ biết mô là bến là bờ
common_voice_vi_43303978.mp3,Lòng chợt buồn như mới thoáng chia phôi
common_voice_vi_24298931.mp3,Hà vội vàng gọi
common_voice_vi_24425946.mp3,cuộc chiến thật tàn khốc
common_voice_vi_28963565.mp3,"Tháng Mười, em đến thật rồi"
common_voice_vi_24174245.mp3,"- Yêu, là chết ở trong lòng một ít"
common_voice_vi_42788729.mp3,À mà quên
common_voice_vi_25226463.mp3,Chưa hề ghi nhớ
common_voice_vi_24105897.mp3,Cả chiếc xe tải cũng mất hút luôn
common_voice_vi_43303988.mp3,Thấy xe tông nhau mà bắt sợ
common_voice_vi_23925117.mp3,Chinh có hỏi thì được biết song trai vẫn đang làm ở chỗ cũ
common_voice_vi_31450085.mp3,Đẹp tâm hồn đâu cứ phải thật xinh
common_voice_vi_24363079.mp3,Khôn hồn thì mau đưa anh chàng tên phong đó về đây
common_voice_vi_23925100.mp3,Ngày trước lúc tao mới sinh ra
common_voice_vi_42788058.mp3,"Trời sao trời ở không cân, người ăn không hết, kẻ mần không ra"
common_voice_vi_24358643.mp3,Làm ơn cho con đi lên
common_voice_vi_24280833.mp3,Điều ấy càng khiến cho quân cảm kích
common_voice_vi_24124186.mp3,Chúng tôi đang chở nhau đi sắm đồ cưới
common_voice_vi_24388763.mp3,Cô không lời từ giã
common_voice_vi_25227105.mp3,Cô không lời từ giã
common_voice_vi_24280773.mp3,kiểu chết bất đắc kì tử này thì kinh lắm
common_voice_vi_27501155.mp3,Trời tháng mười e ấp những vì sao
common_voice_vi_24358640.mp3,Mời bạn đến thăm.
common_voice_vi_24144208.mp3,dạ tiền thừa của chị đấy ạ
common_voice_vi_22402503.mp3,Có cái chuyện ban nãy là tao nói thật đấy
common_voice_vi_25226071.mp3,sẽ có một sợi dây liên kết ngày càng mạnh mẽ
common_voice_vi_24226577.mp3,Ông cụ nheo đôi mắt đáp lại
common_voice_vi_42788115.mp3,Cô chủ quán nhớ Tên của bà ta không
common_voice_vi_38569184.mp3,Mọi người hãy ở nhà tìm kiếm thằng bé hộ ta
common_voice_vi_25132811.mp3,Nhưng mà thấy bạn đang ngủ
common_voice_vi_24171821.mp3,Một hôm khi đang ngủ
common_voice_vi_24362850.mp3,Không có xảy ra chuyện gì cả
common_voice_vi_23988650.mp3,Cho nên cười đáp:'Mùa hoa trắng
common_voice_vi_23926845.mp3,Trinh vâng dạ đồng ý
common_voice_vi_25132775.mp3,Đây là những người ở dưới xuôi lên để tham quan ngắm cảnh
common_voice_vi_25158105.mp3,em ngoan ngoãn xích gần thêm chút nữa.
common_voice_vi_24358683.mp3,tôi càng nghe càng không hiểu gì cả
common_voice_vi_24396682.mp3,Đến tối tất cả đều ngồi quây quần với nhau
common_voice_vi_24106458.mp3,Hà Ni Hốt Hoảng
common_voice_vi_24421806.mp3,Bà bói vẫn ăn mặc bình thường
common_voice_vi_24363043.mp3,Lại thêm có một bà bói người dân tộc sang
common_voice_vi_27128434.mp3,Cháy khát khao anh dâng tình sâu đậm
common_voice_vi_42788050.mp3,Trăng hay tình lứa đôi?
common_voice_vi_24255721.mp3,Cửa nhà hôm qua đã được khóa trái ở bên trong
common_voice_vi_21833262.mp3,Thế còn chuyện cầu xin tình cảm với anh chàng khi thị sao
common_voice_vi_24388607.mp3,Nhận ra cái cuộc sống này vẫn còn nhiều thứ anh phải làm
common_voice_vi_42788637.mp3,chuyện thảo mất thầy giải thích là qua bốn mươi chín ngày
common_voice_vi_23707415.mp3,Anh ta nheo đôi mắt rồi gật đầu
common_voice_vi_27641281.mp3,Đó là tên riêng của bà mà cô gọi là Dã Quỳ đó
common_voice_vi_24125633.mp3,Mày sao thế
common_voice_vi_23930788.mp3,Thì thôi xin gửi sóng
common_voice_vi_25132687.mp3,Có ai cứu giúp
common_voice_vi_24122124.mp3,Giúp ích nước non
common_voice_vi_23392990.mp3,Some trai cố nói thêm
common_voice_vi_24362763.mp3,Qua bao cái Tết
common_voice_vi_40189780.mp3,Phong cách phối đồ hiện đại
common_voice_vi_23925111.mp3,Cô Hà Ni
common_voice_vi_24172611.mp3,Tuổi con vừa lớn
common_voice_vi_24274521.mp3,Chỉ còn hàng cây
common_voice_vi_27640592.mp3,Trình tức tốc tìm đến
common_voice_vi_25158104.mp3,Tôi nói rồi
common_voice_vi_24362950.mp3,lạ cái lúc về
common_voice_vi_24125620.mp3,Không còn đi khắp nơi tung tin đồn nhảm
common_voice_vi_42787943.mp3,Mặt mày có vẻ u ám
common_voice_vi_24388625.mp3,Thơ tình ngày không anh
common_voice_vi_24388744.mp3,tôi không phải người ý
common_voice_vi_25260807.mp3,Chẳng lẽ kumanthong là có sức mạnh đến vậy hay sao
common_voice_vi_42758760.mp3,Thì tôi cũng được chút huênh hoang rồi!
common_voice_vi_23930580.mp3,Mọi thứ vẫn còn y nguyên như Sáng nay cô sắp xếp
common_voice_vi_23930576.mp3,Mà có khi lại chẳng biết tại sao mình lại chết được
common_voice_vi_25132843.mp3,Chỉ anh thôi ai để ý đâu mà
common_voice_vi_24121894.mp3,Bà tâm hóa thành một làn sương mỏng tan biến dần vào không trung
common_voice_vi_28565090.mp3,Ta ngồi đong cả một trời kỷ niệm
common_voice_vi_23936357.mp3,Uống chưa hết ly nước
common_voice_vi_23334650.mp3,Tôi thực sự lo lắng về con thanh
common_voice_vi_24125636.mp3,Mọi người đều có chỗ để ở
common_voice_vi_24012729.mp3,Nếu là Cái Thảo nó ở đó thật
common_voice_vi_40189743.mp3,Bước từng nhịp một hai như đang tiến vào ngôi làng
common_voice_vi_23933059.mp3,Mọi bạn ghé thăm
common_voice_vi_23926865.mp3,Đợi làm gì ai biết trước mà mong.
common_voice_vi_24455847.mp3,Quan tâm đến mẹ
common_voice_vi_30358849.mp3,Ru tình ta đó thiết tha... nồng nàn.
common_voice_vi_24299061.mp3,Trên xe có tài xế và một cậu lơ xe và anh
common_voice_vi_25225869.mp3,Chỉ có một mình bà ấy ở vậy thôi
common_voice_vi_25177633.mp3,giờ chẳng biết phải làm sao cả
common_voice_vi_25226654.mp3,Vừa chạm vào người cổ Quân
common_voice_vi_24142445.mp3,Nhưng bướng bỉnh giấu buồn nơi đáy mắt
common_voice_vi_27616673.mp3,Lại nhớ anh nào phải không
common_voice_vi_23988539.mp3,Ở đây cũng mới có điện lắp về
common_voice_vi_25226440.mp3,Bố em lúc ấy chen ngang
common_voice_vi_42788134.mp3,phản xạ
common_voice_vi_42787934.mp3,Thì qua nhiều đêm dù là liễu quỷ không hại người
common_voice_vi_24396560.mp3,Điều đầu tiên mà Trinh nghĩ đến đó chính là trộm
common_voice_vi_28540837.mp3,Mùa thu cũng bớt úa vàng
common_voice_vi_23406211.mp3,đám ma bọn tôi đến mà không thấy Trinh đâu cả
common_voice_vi_22402619.mp3,Em chạy lên phía Thảo
common_voice_vi_24470403.mp3,Kuman nguy hiểm lắm mà sao mày biết
common_voice_vi_27640049.mp3,Tiếng thời gian chìm hút giữa hư vô
common_voice_vi_42787989.mp3,Ấu quân thường có các Phụ chính đại thần phò tá
common_voice_vi_27619182.mp3,Cô cứ đưa cậu ấy về đi
common_voice_vi_23930601.mp3,Tiếng nói dịu hiền
common_voice_vi_25723274.mp3,Tháng mười một mà lòng sao trống vắng
common_voice_vi_24125655.mp3,Hoặc là chết bất đắc kỳ tử
common_voice_vi_23901474.mp3,Xong xuôi Trinh lấy ra những bánh kẹo mới nhất
common_voice_vi_24298873.mp3,Nó chỉ vào chỗ đằng gốc cây nhưng không thấy ai cả
common_voice_vi_25117283.mp3,Con
common_voice_vi_24124116.mp3,tất cả phải ở lại
common_voice_vi_43303837.mp3,Đau dậy cần có đồ bổ để ăn lại sức
common_voice_vi_25132360.mp3,Được nhi bày biện không thiếu một thứ gì
common_voice_vi_23926904.mp3,tay còn lại Phương kéo chăn chùm lên đầu
common_voice_vi_25721645.mp3,Hà Ni cảm thấy hơi bực
common_voice_vi_42788010.mp3,Thì là cô ấy
common_voice_vi_24142459.mp3,Phía bên ngoài cửa có ai đó đang đứng
common_voice_vi_27701124.mp3,Thôi em xin đấy
common_voice_vi_24173053.mp3,Em lúc bấy giờ mới nhớ lại lời của Thảo nói đêm qua
common_voice_vi_23926806.mp3,Cơn lạnh nào cũng ấm nếu có đôi
common_voice_vi_31450204.mp3,Chỉ còn nghe tiếng ngoài hiên lá đổ
common_voice_vi_43303962.mp3,Ăn mặc bảnh chọe để tới nhà bạn gái
common_voice_vi_23669920.mp3,Hà quay lại nhìn như không thấy gì cả
common_voice_vi_24304435.mp3,Năm nào cũng sai trĩu quả
common_voice_vi_24125402.mp3,Mẹ biết bây giờ con đã mạnh hơn trước
common_voice_vi_23406215.mp3,Đôi chân của cô trùng xuống và khép lại
common_voice_vi_23989269.mp3,Tao kể cho mày biết giấc mơ của tao đâu
common_voice_vi_40249445.mp3,Thơ về gia đình cho bé
common_voice_vi_21833347.mp3,Vần vũ mây che đèn cao áp chập chờn
common_voice_vi_24122130.mp3,cả nhà em hôm ấy vui lắm
common_voice_vi_25132066.mp3,toàn thân của Trinh đổ mồ hôi lạnh
common_voice_vi_40189799.mp3,Để cho tình đẹp đẹp hơn
common_voice_vi_25158242.mp3,Vậy thì nó không có sai được
common_voice_vi_42788663.mp3,Đổ giá xong làm dưa ăn xổi mới ngon
common_voice_vi_24398664.mp3,Đôi mắt của trinh trở nên sắc lạnh đáng sợ
common_voice_vi_22402717.mp3,chinh lúc này mới Giật mình nhìn sang bên cạnh
common_voice_vi_25722066.mp3,Vậy mà khi nghe câu nói đó anh đã liền hỏi
common_voice_vi_24106396.mp3,Tìm kiếm thầy giỏi nhất để đến xem
common_voice_vi_42788028.mp3,chắc con này cũng thuộc loại đó
common_voice_vi_40332734.mp3,Gửi lòng theo hạt mưa bay
common_voice_vi_23932984.mp3,Hoặc những trường hợp của cháu thảo
common_voice_vi_40189786.mp3,Giáo án mầm non chủ đề Thơ Tình bạn
common_voice_vi_25132692.mp3,bà ấy đâu rồi
common_voice_vi_42788299.mp3,Bà ấy đã giúp tôi
common_voice_vi_24144225.mp3,Nửa giờ sau
common_voice_vi_23988880.mp3,Sân khấu
common_voice_vi_24012728.mp3,Tuổi tôi như vậy bị gọi là quỷ già thì cũng đúng thôi
common_voice_vi_24172936.mp3,Tin tưởng người ta nói linh tinh
common_voice_vi_25721967.mp3,Tháng mười vương mùi hoa sữa
common_voice_vi_24162853.mp3,Nó sẽ giúp cô thực hiện những yêu cầu
common_voice_vi_24142498.mp3,tối nay chúng ta ngồi ở đó làm lễ được không
common_voice_vi_23392028.mp3,Nó chỉ còn là dấu vết không hồn
common_voice_vi_27641036.mp3,Tuấn suýt kêu lên nhưng kịp kiểm chế lại
common_voice_vi_42788051.mp3,Ôi thật tuyệt vời
common_voice_vi_23847777.mp3,và nhất quyết không thưa
common_voice_vi_24440254.mp3,Hà Ni nghe cách anh ta nói chuyện thì đã xác định rõ
common_voice_vi_24425786.mp3,Mẹ Mẹ ơi con đây con đây mà mẹ
common_voice_vi_40333023.mp3,Vậy mà khi ra tay thì bà dạ quỳ thật nhanh
common_voice_vi_25226010.mp3,Con đã thêm cao
common_voice_vi_24106596.mp3,Trinh có phần hoang mang
common_voice_vi_25226438.mp3,quỷ đã đánh đổi con bé ấy những thứ mà cháu muốn
common_voice_vi_25132702.mp3,Những giọt mưa nặng hạt rơi tý tách
common_voice_vi_23926721.mp3,Vô tình anh gặp em
common_voice_vi_27640367.mp3,Nghiêng bên nào cũng nhớ quá Thu ơi!
common_voice_vi_24173845.mp3,đến bây giờ cô chú vẫn không thể tưởng tượng ra nổi
common_voice_vi_24122559.mp3,Sao mày cứ chạy trốn tao
common_voice_vi_24226575.mp3,bà ấy chép miệng rồi móc trong túi ra một viên đá rồi nói
common_voice_vi_25721863.mp3,Trời Đông lạnh mây mưa buồn ủ rũ.
common_voice_vi_23932956.mp3,Con muốn gì mẹ cũng sẽ đáp ứng
common_voice_vi_23930680.mp3,Con ngủ bình yên
common_voice_vi_24455887.mp3,Ngoài tiếng mưa tiếng gió ở bên ngoài
common_voice_vi_24122176.mp3,thì sẽ biến thành tay sai cho nó
common_voice_vi_22416751.mp3,Nên hà ni đã phải kêu đau đớn
common_voice_vi_35487089.mp3,Anh chàng lắc đầu
common_voice_vi_24440079.mp3,Những thăng trầm cuộc sống mãi đẩy xô
common_voice_vi_22402603.mp3,nhưng do sợ nên Trinh không dám nhận đó là bạn của mình
common_voice_vi_25092556.mp3,chăm học chăm làm
common_voice_vi_24280803.mp3,Ngồi đi uống gì để tao kêu
common_voice_vi_23734635.mp3,Nghe thấy tiếng gọi mà không thế nào phát ra để trả lời
common_voice_vi_25226498.mp3,Mẹ nghe này
common_voice_vi_23930683.mp3,Những nắng cùng mưa
common_voice_vi_24280835.mp3,Cháu là hà ni
common_voice_vi_22417056.mp3,Bởi vì họ cũng bị chẻ mắt
common_voice_vi_24331621.mp3,bởi vậy chúng ta mới cần cố gắng
common_voice_vi_24363035.mp3,Cô bé này tới số
common_voice_vi_28551373.mp3,Dịu dàng đón ánh bình minh
common_voice_vi_24363057.mp3,Không nhìn vào mắt em
common_voice_vi_21833254.mp3,Thả hổ về rừng
common_voice_vi_42787957.mp3,"Cấm ăn trâu kẹ, cấm nghé leo đường"
common_voice_vi_24172506.mp3,Kể từ lúc gặp quân khi đầu tối
common_voice_vi_40332659.mp3,"Kiếm mãi, nghi hoài, hay ghen bóng gió"
common_voice_vi_43407218.mp3,Đừng báng bổ thần thánh
common_voice_vi_25092422.mp3,Như là người bị mất hồn vậy
common_voice_vi_38569192.mp3,Can đảm lên em đừng tự khổ mình
common_voice_vi_24088181.mp3,Tôi biết em rất buốt đôi bàn tay
common_voice_vi_24171870.mp3,Chiếc xe chở hàng từ Đà Lạt về qua đây
common_voice_vi_42788839.mp3,Hà Ni Hốt Hoảng
common_voice_vi_24012725.mp3,- Kìa bao người yêu mới
common_voice_vi_24173806.mp3,Nhưng nếu gặp ngày buồn rầu đau đớn
common_voice_vi_24121869.mp3,Không nhìn vào mắt em
common_voice_vi_43303829.mp3,khiến cho cả hai gã cứ phải lục đi lục lại sợ sót
common_voice_vi_25950331.mp3,Sẽ tồn tại đến hết ngày đoạn tháng
common_voice_vi_24226536.mp3,Nhưng mà cứ nghe cô ấy nói hết đã
common_voice_vi_24280807.mp3,Ru phím miên tình trong bóng mưa...
common_voice_vi_24142457.mp3,Anh chàng chính là người thành thị
common_voice_vi_23926726.mp3,Lên núi đặt lờ
common_voice_vi_23933063.mp3,Em muốn khóc thì em cứ khóc đi!
common_voice_vi_24363034.mp3,Trinh cũng lại gần rồi hỏi
common_voice_vi_24304483.mp3,Nhưng Xem chừng anh lại ngại
common_voice_vi_25154517.mp3,Chẳng thề nguyện mà không hề giả dối
common_voice_vi_42788332.mp3,Rằm mồng một Phật tử ở Huế đều ăn lạt
common_voice_vi_24358780.mp3,Thành đô hoa lệ
common_voice_vi_28093834.mp3,Sao trong lòng cứ vời vợi mông lung
common_voice_vi_24125602.mp3,Bóng đen đó đưa bàn tay về phía của em
common_voice_vi_23933019.mp3,Đoàn chúng tôi như đã biết
common_voice_vi_24227691.mp3,xạ thủ
common_voice_vi_31450178.mp3,Động tác khóa tay đó có lẽ quá mạnh
common_voice_vi_24304442.mp3,sao liên quan đến con ma nào nữa hả cô
common_voice_vi_24012768.mp3,kẻo tao lại mang tiếng là đưa chuyện
common_voice_vi_24425679.mp3,Chỉnh lại xuống rồi bất tỉnh
common_voice_vi_24304426.mp3,Trăm người bán vạn người mua.
common_voice_vi_25132852.mp3,Những tấm hình được chụp từ góc xa
common_voice_vi_25092584.mp3,Thân hình thì toàn là những áo ngâm máu mà thôi
common_voice_vi_24255754.mp3,Tan theo dòng thời gian
common_voice_vi_25226060.mp3,Mới làm lễ kiệu vong lên được
common_voice_vi_38565720.mp3,Cho Em đừng lo nghĩ chuyện trăm năm
common_voice_vi_24125606.mp3,Người khác cho tiền hỏi chỗ tao cũng không hé răng
common_voice_vi_25722091.mp3,Muốn ngỏ lời mà sao tôi thật ngốc
common_voice_vi_24172544.mp3,Ngay cả đến việc thở lúc này chị cũng không dám thở mạnh
common_voice_vi_23926725.mp3,tình yêu
common_voice_vi_24142076.mp3,Em không biết gọi bà ấy kiểu gì nữa
common_voice_vi_24172425.mp3,Cô bạn thân nhất của Nhi
common_voice_vi_23988485.mp3,Câu chuyện có tựa đề là bán linh hồn cho quỷ
common_voice_vi_25177586.mp3,Lời nói thoảng gió bay
common_voice_vi_24125711.mp3,Hóa ra sự việc là như vậy
common_voice_vi_34008877.mp3,Không chỉ vậy nó còn cười nói một cách rất tự nhiên
common_voice_vi_24012747.mp3,Mở chiếc cửa sổ căn nhà của nó ra nhìn
common_voice_vi_24172675.mp3,Lúc nãy trinh còn nhìn rõ ràng cửa đã được đóng
common_voice_vi_24358656.mp3,Trinh ngạc nhiên
common_voice_vi_22402321.mp3,"quá khứ anh, anh không nhắc cùng em."
common_voice_vi_25177321.mp3,Một điệu cười khiến cho Hà phải run sợ
common_voice_vi_24124590.mp3,Để dặn dò mình trước
common_voice_vi_23392030.mp3,chị đừng có đổ tiếng oan cho nó
common_voice_vi_24388771.mp3,Sinh li tử biệt
common_voice_vi_25092443.mp3,ôi con ơi con mở mắt rồi sao
common_voice_vi_24440056.mp3,Nghe hà ni nói như vậy
common_voice_vi_24124172.mp3,Đêm nay tôi hiểu thì tôi đã
common_voice_vi_42788004.mp3,Tháng mười rồi mình cùng sánh bước chung
common_voice_vi_24012804.mp3,Nhưng không ai có thể hiểu được rằng
common_voice_vi_25092656.mp3,Tiếng nói dịu hiền
common_voice_vi_24388673.mp3,Thì hôm nay nó trơ lì
common_voice_vi_42788403.mp3,Sao anh vội về ngay?
common_voice_vi_24440130.mp3,cho anh nghe đôi hàm ngọc của răng ;
common_voice_vi_24171787.mp3,Người trong bản đào một chiếc hố thật to để chôn tập thể
common_voice_vi_38569182.mp3,"Sao không cầm, và giữ cho riêng anh"
common_voice_vi_23078431.mp3,Mái tranh vàng võ
common_voice_vi_24173129.mp3,Em không muốn chỉ là bạn của anh
common_voice_vi_27973205.mp3,Thì cô con gái của chủ nhà lúc này đã trở ra
common_voice_vi_24122292.mp3,Té nước theo mưa.
common_voice_vi_23930787.mp3,Tổng hợp những bài thơ hay nhất
common_voice_vi_23932953.mp3,Những bài thơ tứ tuyệt hay nhất
common_voice_vi_24425731.mp3,Chỉ còn một là không còn gì hết
common_voice_vi_24398513.mp3,Không được nói dài
common_voice_vi_24363009.mp3,Như cô đang xoa đầu một đứa trẻ nhỏ
common_voice_vi_24172639.mp3,Ca vang ca mãi
common_voice_vi_23988591.mp3,Chỉnh mừng rỡ rồi nói
common_voice_vi_24125766.mp3,tôi không có tin đâu
common_voice_vi_40332754.mp3,Tháng mười về em yêu ơi có biết
common_voice_vi_24124207.mp3,Để cho duyên dáng ngọc ngà bên anh
common_voice_vi_24226572.mp3,"nhìn lên trần nhà đột nhiên bật dạy, Phương gào lớn"
common_voice_vi_24467780.mp3,thì Thảo chột dạ đạp nhanh hơn
common_voice_vi_24255724.mp3,Này này trinh
common_voice_vi_23970561.mp3,Bà Thảo thì khuyên mọi người nên đi xem thầy khác
common_voice_vi_24012786.mp3,nhưng cũng đoán được lí do liên quan đến thảo
common_voice_vi_24172480.mp3,"Đừng hôn, dù thấy cánh hoa tươi"
common_voice_vi_25950332.mp3,Ru lòng ta say mê niềm hạnh phúc
common_voice_vi_42723070.mp3,Bố chồng tôi đã chỉ đường dẫn lối phù hộ
common_voice_vi_42788887.mp3,Anh nớ ẩu xỉ hun chị nớ rứa mà được vợ
common_voice_vi_25257530.mp3,Thì làm sao mà làm được chứ
common_voice_vi_24171909.mp3,còn vài ngày nữa thôi chứ không có xa mà chị
common_voice_vi_24363014.mp3,Lối đi quen bỗng lạ
common_voice_vi_24396562.mp3,Thì chính bà đã gây ra cái chết cho họ
common_voice_vi_23925105.mp3,tại sao lại thế cơ chứ
common_voice_vi_25132553.mp3,mẹ lấy một chiếc khăn mát ốp lên mặt
common_voice_vi_24274453.mp3,Mà mày biết xe công nông cán qua mày bẹp đầu thế
common_voice_vi_24398250.mp3,Từ sợ hãi chính bỗng dưng cười khúc khích
common_voice_vi_24304411.mp3,Muốn sống tiếp thì phải nghe lời của ta
common_voice_vi_40249540.mp3,Có phải mẹ không ạ
common_voice_vi_23847776.mp3,mà khi đã bị bắt đi rồi thì không thể trở về
common_voice_vi_24106789.mp3,Hái thuốc rồi nhặt bông giúp người ta
common_voice_vi_24280792.mp3,Thơ anh không thể dối
common_voice_vi_24274505.mp3,Thua keo này bày keo khác
common_voice_vi_40189746.mp3,Thì tôi cũng được chút huênh hoang rồi!
common_voice_vi_31239308.mp3,"Em với hoa, với bao điều oan trái"
common_voice_vi_25225991.mp3,Đặt chiếc lọ thủy tinh có chứa kuman vẫn còn ở đó
common_voice_vi_24121597.mp3,Những vật tầm thường cũng viết thành thơ
common_voice_vi_24227372.mp3,Cô ghen với tất cả mọi thứ xung quanh
common_voice_vi_24124542.mp3,Vì quán nằm ở trong hẻm
common_voice_vi_24227710.mp3,giờ chị muốn chúng tôi làm gì thì chị nói ra đi
common_voice_vi_24363003.mp3,Vớ vẩn sao lại có những người như vậy chứ
common_voice_vi_23930618.mp3,Vậy cô có phiền nếu mà tôi ngồi nói chuyện ở đây không
common_voice_vi_23932926.mp3,bọn cháu đến đây là để thăm Phương
common_voice_vi_24172333.mp3,cô thắp nhang mở sữa bóc bánh kẹo cho kuman ăn
common_voice_vi_25117281.mp3,nhà thơ và nhà báo
common_voice_vi_24121680.mp3,Mái tóc mượt mà
common_voice_vi_42788267.mp3,Ăn quen bén mùi tên trộm trở lại nên bị bắt
common_voice_vi_24012779.mp3,với lại đấy là cái tâm chứ cụ nào giữ được người còn sống
common_voice_vi_25226899.mp3,Chăm sóc được chủ của mình
common_voice_vi_24226603.mp3,Cái tên này nghe quen quen
common_voice_vi_23926880.mp3,Tốn rất nhiều công sức cũng như là tiền bạc đấy
common_voice_vi_25260912.mp3,Na ăn nhiều Na khỏe mạnh
common_voice_vi_23392036.mp3,Người đàn bà giật mình
common_voice_vi_42788078.mp3,Nhà thầy a xìn đông khách lắm
common_voice_vi_24121679.mp3,Apheng cũng chạy sang gọi nó đi chơi
common_voice_vi_24304406.mp3,Từng năm từng tháng
common_voice_vi_23930597.mp3,Những bài thơ thất tình hay nhất
common_voice_vi_25226577.mp3,"Trăng quầng thì hạn, trăng tán thì mưa."
common_voice_vi_22417055.mp3,Họp lớp sau nhiều năm Mỗi Người Một Nơi
common_voice_vi_23926907.mp3,Mong con lớn khôn
common_voice_vi_23423362.mp3,nghe sao ồn ào
common_voice_vi_24274413.mp3,Tham giàu phụ khó. tham sang phụ phần
common_voice_vi_24331658.mp3,Cho thằng con thi
common_voice_vi_24172405.mp3,Là họa thì không tránh được
common_voice_vi_24012781.mp3,tiện thể muốn nghe xem con bé còn điều gì dặn dò trăn trối
common_voice_vi_21833286.mp3,Hay là thôi đường ai nấy bước
common_voice_vi_22416756.mp3,Ôi! tình mẫu tử.
common_voice_vi_24124205.mp3,Em cũng đã giúp đỡ gia đình anh rất nhiều chuyện
common_voice_vi_27658262.mp3,Tháng mười về heo may cứ ung dung
common_voice_vi_24124581.mp3,mẹ tôi là một bác sĩ
common_voice_vi_23930734.mp3,"Chưa đỗ ông nghè đã đe hàng xóm: người hống hách, phách lối"
common_voice_vi_24124201.mp3,"Thôi tất cả thu dọn, chuẩn bị lên đường"
common_voice_vi_24122246.mp3,Hà ni phải bật cười
common_voice_vi_24363059.mp3,Chính là Trinh
common_voice_vi_24467826.mp3,"Cố gắng nhìn vào màn đêm đen đặc, bao trùm lên tất cả"
common_voice_vi_25092692.mp3,Và tương lai ít ra cũng ngọt ngào.
common_voice_vi_25267963.mp3,em liền nói
common_voice_vi_43303957.mp3,Mấy anh nớ nói chuyện bà nhẻm khi gặp gái
common_voice_vi_24142097.mp3,Không nhìn vào mắt sâu?
common_voice_vi_24425855.mp3,Chỉ vô tình mà thôi
common_voice_vi_24467769.mp3,Cũng như của quân chồng của Nhi
common_voice_vi_23930620.mp3,Mọi người đành chờ về nhà
common_voice_vi_24388577.mp3,Ngắm tiếp vì sao
common_voice_vi_43303894.mp3,Đá một cái vô bàn trôn đau điếng
common_voice_vi_24440336.mp3,Tiếng mõ tụng kinh vẫn còn vang lên tới điện chính
common_voice_vi_24226519.mp3,nhưng cứ ngồi nghe
common_voice_vi_24467890.mp3,Lúc đó sẽ giải quyết được cái cảnh chán chông của mày bây giờ
common_voice_vi_24106460.mp3,Mấy ngày nay cũng đã mệt mỏi nhiều rồi
common_voice_vi_25261686.mp3,Một khi đã liên kết với nó
common_voice_vi_24255723.mp3,mọi chuyện đột ngột quá
common_voice_vi_23423389.mp3,là một tấm gương.
common_voice_vi_38569181.mp3,hơi nuối tiếc bởi hôm nay
common_voice_vi_24106265.mp3,Còn quân để quay lại rồi nói
common_voice_vi_24124535.mp3,Bề ngoài xem ra có vẻ chậm chạp
common_voice_vi_42788418.mp3,Ăn dín dín để dành cơm cho đứa ở
common_voice_vi_24455901.mp3,Anh không được rời cái bông hoa này
common_voice_vi_42788044.mp3,Tao kể cho mày biết giấc mơ của tao đâu
common_voice_vi_24121724.mp3,bố em liền nói
common_voice_vi_24012807.mp3,Khéo lại là tàn tật cả đời
common_voice_vi_25132773.mp3,Trăm hay không bằng tay quen.
common_voice_vi_23667731.mp3,Tầm một tuần ở đây thôi
common_voice_vi_24125618.mp3,A hồi cảm thấy mình dễ chịu dường nào
common_voice_vi_23932987.mp3,"Yêu nhau xa cũng nên gần, ghét nhau cách một bàn chân cũng lìa"
common_voice_vi_22750202.mp3,Bà tâm đau khổ nhìn con rồi lắc đầu
common_voice_vi_24425716.mp3,Nhận bao khó nhọc
common_voice_vi_24388770.mp3,Là của mùa thu cũ
common_voice_vi_23926716.mp3,Phía trên bàn thờ chính giữa
common_voice_vi_25132225.mp3,Cao lên mỗi ngày.
common_voice_vi_24124176.mp3,Ông liệu mà vừa phải thôi không có khéo
common_voice_vi_28551675.mp3,Cứ ở trong nhà mà nghĩ về Quân khiến Trinh chẳng làm được gì
common_voice_vi_24455743.mp3,Có điều tôi nhắc các vị
common_voice_vi_23926717.mp3,Đừng có mà chỉ lung tung Còn tao không có thích đâu
common_voice_vi_42788083.mp3,Ăn ba hột dằn bụng rồi di
common_voice_vi_23930786.mp3,Dẫu mỗi chiếc ở một bên phải trái
common_voice_vi_23901300.mp3,Con sợ lắm
common_voice_vi_24456152.mp3,còn người thì chắc là đưa đi rồi
common_voice_vi_24171871.mp3,Tâm hòa chìm kết quả đến say mê...
common_voice_vi_23930602.mp3,Cô bé bị bệnh thập tử nhất
common_voice_vi_23926926.mp3,Nói không tin thì không phải
common_voice_vi_23926787.mp3,Và phải nhớ kỹ là không bao giờ được bỏ bê nó
common_voice_vi_24298084.mp3,Còn được mấy rất nhiều bánh kẹo
common_voice_vi_23423364.mp3,Những bài thơ hay về các loài cây cho bé mầm non
common_voice_vi_28540797.mp3,Tháng mười qua theo tờ lịch dần rơi
common_voice_vi_24124164.mp3,Nhìn vào bên trong hả hơi giật mình
common_voice_vi_25267693.mp3,mẹ lấy một chiếc khăn mát ốp lên mặt
common_voice_vi_23988890.mp3,Hay Cái Thảo nó giữ hả bố
common_voice_vi_24144113.mp3,Chinh thay váy ngủ rồi đi sang phòng thờ
common_voice_vi_25226524.mp3,Lúc đó sẽ giải quyết được cái cảnh chán chông của mày bây giờ
common_voice_vi_24124231.mp3,Đến giờ cho con ăn rồi mày ngồi đây đợi tao một lát nhá
common_voice_vi_24121617.mp3,Đôi Bàn Tay của Cô khẽ vuốt cái bình thủy tinh thủy rồi nói
common_voice_vi_24121529.mp3,Tiếp tục theo bước chân của Hà đi sang phòng bên cạnh
common_voice_vi_23933078.mp3,Anh ngỏ lời yêu em
common_voice_vi_42788694.mp3,Hà khẽ rùng mình trước câu hỏi của Chinh
common_voice_vi_41912733.mp3,Nhưng anh chàng đã kịp phóng qua hàng rào
common_voice_vi_23925114.mp3,Nghe truyện thật là thú vị xin chân thành cảm ơn
common_voice_vi_30946618.mp3,Vợ tôi cũng bị một chiếc xe như vậy
common_voice_vi_24012742.mp3,em tính chạy xuống giường ra ngoài xem mẹ đi đâu
common_voice_vi_25154521.mp3,Cách đó vài tháng
common_voice_vi_25217933.mp3,Tiếp tục theo bước chân của Hà đi sang phòng bên cạnh
common_voice_vi_24304475.mp3,Mày mà bỏ tao thì tao biết phải làm sao
common_voice_vi_24298814.mp3,Trống làng nào làng ấy đánh.
common_voice_vi_25154510.mp3,Họ cùng cười nói vui vẻ
common_voice_vi_24331618.mp3,"Một mùa thu trước, mỗi hoàng hôn"
common_voice_vi_24318080.mp3,Anh ở lại đây với em đi một đêm thôi cũng được
common_voice_vi_24142043.mp3,Điện ảnh
common_voice_vi_30237205.mp3,Nhớ hai ta và mối tình ngày ấy
common_voice_vi_27640660.mp3,Nếu không đưa anh ta lên thì đừng hòng sống với tao
common_voice_vi_24455792.mp3,Làm cho em tỉnh
common_voice_vi_23926816.mp3,In bóng nhau vờn luân điệu vũ
common_voice_vi_24012732.mp3,Nhiều hoa vắng mặt
common_voice_vi_31450094.mp3,Để mùa Thu giận dỗi thoáng mưa buồn!
common_voice_vi_24122212.mp3,"Em xích gần thêm một chút, anh hờn"
common_voice_vi_24142512.mp3,Anh đã
common_voice_vi_24172455.mp3,Đối với anh Cuộc sống lúc này đây không còn ý nghĩa gì nữa
common_voice_vi_42788137.mp3,Hoàng thượng ân tứ cho người có công mười lạng vàng
common_voice_vi_25132366.mp3,Cô bé bị bệnh thập tử nhất
common_voice_vi_23926843.mp3,Tao với mày chơi với nhau từ hồi còn mẫu giáo tới giờ
common_voice_vi_27768856.mp3,Tháng mười một chiếc khăn như bóng rợp
common_voice_vi_21833307.mp3,Đúng rồi Gần đây tôi thấy có gì đó lạ lắm
common_voice_vi_24124571.mp3,Chinh cũng lái xe cho đến quân không được cô về
common_voice_vi_22402411.mp3,Nó còn bảo là hôm nay nó muốn con đưa đi chơi cùng
common_voice_vi_23989267.mp3,Cô cũng Không Cảm nhận được nó đang ở bên cạnh mình không nữa
common_voice_vi_22493635.mp3,Như mẹ chúng ta
common_voice_vi_24255751.mp3,Mày đừng về tìm tao nữa có được
common_voice_vi_24467922.mp3,Sao Cái Thảo nó không về nhà mà cứ ở đó hả bà
common_voice_vi_24174282.mp3,Tội gót chân qua
common_voice_vi_23926695.mp3,rồi kiểm tra người em xem có bị thương gì không
common_voice_vi_27618803.mp3,Tháng mười tháng mười đấy.
common_voice_vi_25132891.mp3,Vậy là chuyện bà ấy nói là không có thật
common_voice_vi_24274647.mp3,Nên tuy thương tích khá nhiều khắp người
common_voice_vi_24363037.mp3,Ai có duyên thì gặp bà chứ không tìm khách
common_voice_vi_27152894.mp3,Cùng lắm là Thảo ông Thần Tài
common_voice_vi_31450124.mp3,"Sáng ngày mai, tuổi mới thật bình an."
common_voice_vi_25092700.mp3,Quái quỷ sao nó lại vội như là ma đuổi thế chứ
common_voice_vi_25132316.mp3,thật à thế thì đúng rồi
common_voice_vi_23926810.mp3,Cánh cửa phòng mở ra
common_voice_vi_42787933.mp3,Ngồi ăn chơi anh! Mời anh ăn cho vui
common_voice_vi_25157829.mp3,Ra đến chỗ để xe thì Phương chép miệng
common_voice_vi_24425696.mp3,thì chủ nhân của Kuman sẽ có một câu thần chú
common_voice_vi_25226495.mp3,Mỗi khi ra về
common_voice_vi_24171758.mp3,Lập tức có tiếng trả lời
common_voice_vi_40191803.mp3,Anh chàng kia phải rồ máy xe
common_voice_vi_28370456.mp3,Tiếng rơi quay quắt rã rời
common_voice_vi_25950280.mp3,Người lữ khách lan man đầy bối rối
common_voice_vi_24388764.mp3,Mẹ gạt phần cơm
common_voice_vi_24455888.mp3,Dứt lời Hà mở cửa bước ra bên ngoài
common_voice_vi_31450155.mp3,Như mơ về mẹ
common_voice_vi_21833315.mp3,Cô ngượng ngùng nhìn phong
common_voice_vi_24363083.mp3,Tôi nhớ lời người đã bảo tôi
common_voice_vi_24125485.mp3,Thảo quyết định không quay lại
common_voice_vi_24226620.mp3,Con ơi con khổ quá
common_voice_vi_28551807.mp3,Tháng mười thu rải lối đi
common_voice_vi_42788888.mp3,"Khi bị bệnh cao mạch máu, phải ăn cử thịt"
common_voice_vi_23988651.mp3,Cậu bạn liền trả lời
common_voice_vi_23926752.mp3,Âm nhạc
common_voice_vi_36966197.mp3,Bố em nhìn đồng hồ lúc ấy là hơn mười hai giờ
common_voice_vi_25158270.mp3,Cô ngừng lại không dám nói tiếp
common_voice_vi_42788394.mp3,Chịu đựng Những cái trò tinh nghịch của nó
common_voice_vi_26979542.mp3,Chút sắc vàng óng ả chẳng còn đâu!
common_voice_vi_31450107.mp3,Tóc mẹ bạc trắng
common_voice_vi_24358776.mp3,Điều này càng làm cho Trinh cảm thấy khao khát hơn
common_voice_vi_42788420.mp3,Cô liền rên lên khe khẽ
common_voice_vi_24121916.mp3,Nó lại lủi thủi đi về nhà
common_voice_vi_24331626.mp3,Mẹ Thảo liền Nói ngay
common_voice_vi_27716267.mp3,Nỗi buồn về trên những bước chân êm
common_voice_vi_24152648.mp3,Đóng cửa sổ hành lang lại cẩn thận
common_voice_vi_24280770.mp3,Quân không thấy gì cả
common_voice_vi_25132651.mp3,Mọi thứ nước trong nhà đều dựa vào con sông ngay sau bản
common_voice_vi_23392987.mp3,Gió thổi từng cơn làm tán lá khẽ đung đưa
common_voice_vi_24012800.mp3,Lúc nửa đêm tự nhiên cửa bị bật ra
common_voice_vi_24274362.mp3,Chỉ đưa mắt nhìn qua khách lạ vào quán
common_voice_vi_25267850.mp3,em và mấy cô người nhà của thảo ngồi xung quanh
common_voice_vi_23925108.mp3,Sao như vậy được
common_voice_vi_23932955.mp3,chúa lòng lành
common_voice_vi_42788417.mp3,Vết thương coi bộ là không có nhẹ đâu
common_voice_vi_24012774.mp3,đang nhớ lại chuyện cũ
common_voice_vi_24425881.mp3,"Thơ, văn, tuyển tập"
common_voice_vi_24106519.mp3,tôi ghét anh thằng tồi
common_voice_vi_23078768.mp3,viêt nam cố lên
common_voice_vi_25132910.mp3,Là Hà đã thấy ngôi nhà này có gì đó không ổn
common_voice_vi_27709940.mp3,Mỗi người một công việc
common_voice_vi_24125634.mp3,Trinh Cười rồi nói
common_voice_vi_24362907.mp3,Nhìn nó đáng sợ lắm
common_voice_vi_23690373.mp3,Na ngoan của mẹ
common_voice_vi_23380405.mp3,Đến bố mẹ còn chẳng nhận ra cháu ạ
common_voice_vi_24106352.mp3,ở một số đền thờ và chùa ở Việt Nam
common_voice_vi_24172612.mp3,Nên muộn mới xong
common_voice_vi_42788785.mp3,Phải
common_voice_vi_25132895.mp3,Như vậy là sao
common_voice_vi_23734632.mp3,Tôi muốn mùi thơm của nước hoa
common_voice_vi_42787967.mp3,lại thấy thương tình nên mới mở lời giúp đỡ
common_voice_vi_24088085.mp3,Ơi mẹ... Mẹ ơi!
common_voice_vi_42788015.mp3,Dường như con bé vừa trải qua một điều gì đó khủng khiếp lắm
common_voice_vi_24425842.mp3,Chắc là gió thổi mạnh nên là mày lạnh đấy
common_voice_vi_24388606.mp3,bà ấylắc đầu nói
common_voice_vi_24362805.mp3,à không Không có gì
common_voice_vi_25226551.mp3,Chinh không còn sợ chết nữa
common_voice_vi_23078834.mp3,Cái Thảo nó đi rồi
common_voice_vi_24106395.mp3,Sợ nếu bé không thoát được sẽ thành âm binh
common_voice_vi_24425947.mp3,Có điều là thấy không gọi cho được chuyện gì
common_voice_vi_42788080.mp3,bà ấy liền nói
common_voice_vi_24398393.mp3,vậy bà cho tôi biết chuyện gì đã xảy ra được không
common_voice_vi_24012783.mp3,Chưa kể đến việc nó đã trở nên mạnh hơn trước
common_voice_vi_21882263.mp3,nô en vui vẻ
common_voice_vi_24125466.mp3,Ảnh hưởng của Hồ Chí Minh ở Việt Nam ngày nay
common_voice_vi_24125685.mp3,Khi đến đây tất cả chỉ là đống hoang tàn
common_voice_vi_24425844.mp3,"Có ba chiếc giường, bàn ghế tất cả đều rất đầy đủ"
common_voice_vi_42788247.mp3,Vậy là Trinh đã nuôi được kuman khoảng một năm rưỡi
common_voice_vi_24440201.mp3,"Xấu hay làm tốt, dốt hay nói chữ"
common_voice_vi_25301735.mp3,Thực sự thì chúng tôi có đi xem thầy rồi
common_voice_vi_25154582.mp3,Giờ còn ma quỷ ám cái gì nữa
common_voice_vi_24142096.mp3,Bà chị em chết lúc nhỏ mà thiêng lắm
common_voice_vi_23930733.mp3,Một lần nữa ngơ ngác nhìn xung quanh rồi lẩm bẩm
common_voice_vi_25154483.mp3,Để cho anh tới dạt dào bên Em
common_voice_vi_23926868.mp3,Những chuyện đó Trinh không hề biết
common_voice_vi_23933011.mp3,Không chỉ có như vậy
common_voice_vi_24125462.mp3,Người nhà tao nói thế cho nên là lập miếu để thờ
common_voice_vi_23745303.mp3,con bé còn thông minh nhanh nhẹn hơn trước đúng không
common_voice_vi_24362991.mp3,Tuổi theo mùa đi mãi
common_voice_vi_25226158.mp3,Thơ tình ngày không anh
common_voice_vi_25261158.mp3,gọi một hồi xong em không nghe thấy tiếng gọi đâu nữa
common_voice_vi_24358659.mp3,sự sống
common_voice_vi_24122582.mp3,Con đây
common_voice_vi_24470401.mp3,hơn nữa bà ấy cũng có nói lấy tiền của nhà mình đâu
common_voice_vi_23926699.mp3,Vẫn là cái thảo đang đứng ở đó
common_voice_vi_24358790.mp3,Song trai ra hiệu cho trinh cần phải bình tĩnh song trai liền nói
common_voice_vi_23733702.mp3,"Nó kìa, nó kìa"
common_voice_vi_24467875.mp3,Sau khi làm xong
common_voice_vi_25132898.mp3,Tôi nghe xong thì cảm ơn rối rít
common_voice_vi_24125745.mp3,Một ngày mưa to
common_voice_vi_24363007.mp3,Dù là đang thủ dâm
common_voice_vi_27640048.mp3,Cô gái dương mắt nhìn khách như không hiểu
common_voice_vi_42723064.mp3,Mẹ ơi em an
common_voice_vi_24142472.mp3,Phút gần gũi cũng như giờ chia biệt
common_voice_vi_24358775.mp3,Quan trọng là mọi người phải đồng tâm
common_voice_vi_23926800.mp3,Đúng là chúng ta đã đi xem thầy rồi
common_voice_vi_24388674.mp3,Phương liền nói bằng giọng hốt hoảng
common_voice_vi_23848898.mp3,Tất cả đều nhìn xung quanh phòng nhưng không thấy gì cả
common_voice_vi_25226113.mp3,Từng ngày từng ngày
common_voice_vi_25245131.mp3,Nhanh như cắt
common_voice_vi_42788777.mp3,Rồi quay người đi thẳng
common_voice_vi_23936361.mp3,Uổng công tao coi Mày là bạn thân
common_voice_vi_25226444.mp3,Con chịu khó cầm cái viên đá này cho mẹ yên tâm
common_voice_vi_25722012.mp3,Bao tháng mười anh vẫn còn nhớ mãi
common_voice_vi_42788246.mp3,Ông Khanh dậy muộn nhất
common_voice_vi_42788696.mp3,Hết thật rồi Cậu giỏi quá
common_voice_vi_24162788.mp3,vậy bọn tao đi trước nhé hôm lại ngồi
common_voice_vi_23848896.mp3,Quan trọng hơn
common_voice_vi_24455845.mp3,là bà ấy cũng về cản không cho đi
common_voice_vi_24298868.mp3,Na ngoan lắm
common_voice_vi_24125775.mp3,Tôi sẽ cố gắng tìm hiểu xem con quỷ đó là ai
common_voice_vi_25226578.mp3,Xa mặt cách lòng
common_voice_vi_25112243.mp3,Cùng bạn đùa vui.
common_voice_vi_24396559.mp3,Mơ màng như thật mà không biết đâu mà lần cả
common_voice_vi_23380409.mp3,Để cùng tiến tới
common_voice_vi_25225931.mp3,Chị nghĩ rằng thà cho tên trộm lấy hết đồ đạc cũng được
common_voice_vi_25226325.mp3,Thế này phải tìm thầy Cao tay hơn
common_voice_vi_25226521.mp3,Cây cối xanh tươi
common_voice_vi_37865602.mp3,Danh hiệu
common_voice_vi_24388781.mp3,Được rồi mày không thích tao nhìn mặt thì tao đi về đây
common_voice_vi_24174284.mp3,Phương liền trả lời
common_voice_vi_23392040.mp3,thầy bảo là có cái chuyện gì đâu
common_voice_vi_25721785.mp3,Giai điệu tình xót xa chiều thu trắng
common_voice_vi_24125746.mp3,Chăm sóc kuman Càng tốt càng hiệu quả
common_voice_vi_40249395.mp3,thật đấy bác ạ
common_voice_vi_24280827.mp3,Bố con thấy cái gì đâu
common_voice_vi_21833255.mp3,Được rồi anh nghỉ ngơi rồi sẽ nhớ
common_voice_vi_27640100.mp3,Dòng thơ mãi vẫn còn hoài dang dở
common_voice_vi_25132175.mp3,Some trai liền thắc mắc
common_voice_vi_23930782.mp3,Để cho tình đẹp đẹp hơn
common_voice_vi_24162174.mp3,Sau đó Phương chị về phía trước miệng không ngừng hét
common_voice_vi_42788447.mp3,Tháng mười về
common_voice_vi_23933003.mp3,Qua những cái cây cổ thụ
common_voice_vi_24358642.mp3,Chết ngày trước mặt con thanh nhà tôi
common_voice_vi_23988508.mp3,Nghe xong tất cả đều đứng lên gỡ trại
common_voice_vi_24106552.mp3,cái việc này là phải nhất tâm
common_voice_vi_24122376.mp3,Ta thấy có những người mặc đồ tây
common_voice_vi_42788006.mp3,Mẹ ơi em an
common_voice_vi_38569201.mp3,Nói rằng mười hai giờ đêm nay
common_voice_vi_24362780.mp3,Chị là ai
common_voice_vi_24362937.mp3,bảo nó đây là viên đá thần kỳ
common_voice_vi_24173167.mp3,Bỗng nhiên có một tiếng nói thì thầm vào tai của Trinh
common_voice_vi_24280776.mp3,Chạy sang đến nơi chinh hét lớn
common_voice_vi_23989311.mp3,Ngay lập tức chinh bắt máy rồi nói
common_voice_vi_24012797.mp3,Đang khẽ vuốt ve chiếc lọ thủy tinh một cách ân cần
